{
    "swagger": "2.0",
    "info": {
        "contact": {}
    },
    "basePath": "/v1",
    "paths": {
        "/task/{id}": {
            "get": {
                "description": "Get task",
                "consumes": [
                    "application/json"
                ],
                "produces": [
                    "application/json"
                ],
                "tags": [
                    "Task"
                ],
                "summary": "Get task",
                "parameters": [
                    {
                        "description": "body",
                        "name": "body",
                        "in": "body",
                        "required": true,
                        "schema": {
                            "$ref": "#/definitions/task.Task"
                        }
                    }
                ],
                "responses": {
                    "200": {
                        "description": "OK",
                        "schema": {
                            "$ref": "#/definitions/task.Task"
                        }
                    }
                }
            },
            "put": {
                "description": "Update task",
                "consumes": [
                    "application/json"
                ],
                "produces": [
                    "application/json"
                ],
                "tags": [
                    "Task"
                ],
                "summary": "Update task",
                "parameters": [
                    {
                        "description": "body",
                        "name": "body",
                        "in": "body",
                        "required": true,
                        "schema": {
                            "$ref": "#/definitions/task.Task"
                        }
                    }
                ],
                "responses": {
                    "200": {
                        "description": "OK",
                        "schema": {
                            "$ref": "#/definitions/task.Task"
                        }
                    }
                }
            },
            "delete": {
                "description": "Delete task",
                "consumes": [
                    "application/json"
                ],
                "produces": [
                    "application/json"
                ],
                "tags": [
                    "Task"
                ],
                "summary": "Delete task",
                "parameters": [
                    {
                        "description": "body",
                        "name": "body",
                        "in": "body",
                        "required": true,
                        "schema": {
                            "$ref": "#/definitions/task.Task"
                        }
                    }
                ],
                "responses": {
                    "200": {
                        "description": "OK",
                        "schema": {
                            "$ref": "#/definitions/task.Mess"
                        }
                    }
                }
            }
        },
        "/tasks": {
            "post": {
                "description": "This API for creating a new task",
                "consumes": [
                    "application/json"
                ],
                "produces": [
                    "application/json"
                ],
                "tags": [
                    "Task"
                ],
                "summary": "Create new task",
                "parameters": [
                    {
                        "description": "body",
                        "name": "body",
                        "in": "body",
                        "required": true,
                        "schema": {
                            "$ref": "#/definitions/task.Task"
                        }
                    }
                ],
                "responses": {
                    "201": {
                        "description": "Created",
                        "schema": {
                            "$ref": "#/definitions/task.Task"
                        }
                    }
                }
            }
        },
        "/user/{id}": {
            "get": {
                "description": "Get User",
                "consumes": [
                    "application/json"
                ],
                "produces": [
                    "application/json"
                ],
                "tags": [
                    "User"
                ],
                "summary": "GetUser",
                "parameters": [
                    {
                        "description": "body",
                        "name": "body",
                        "in": "body",
                        "required": true,
                        "schema": {
                            "$ref": "#/definitions/user.User"
                        }
                    }
                ],
                "responses": {
                    "200": {
                        "description": "OK",
                        "schema": {
                            "$ref": "#/definitions/user.User"
                        }
                    }
                }
            },
            "put": {
                "description": "Update User",
                "consumes": [
                    "application/json"
                ],
                "produces": [
                    "application/json"
                ],
                "tags": [
                    "User"
                ],
                "summary": "Update User",
                "parameters": [
                    {
                        "description": "body",
                        "name": "body",
                        "in": "body",
                        "required": true,
                        "schema": {
                            "$ref": "#/definitions/user.User"
                        }
                    }
                ],
                "responses": {
                    "200": {
                        "description": "OK",
                        "schema": {
                            "$ref": "#/definitions/user.User"
                        }
                    }
                }
            },
            "delete": {
                "description": "Delete User",
                "consumes": [
                    "application/json"
                ],
                "produces": [
                    "application/json"
                ],
                "tags": [
                    "User"
                ],
                "summary": "DeleteUser",
                "parameters": [
                    {
                        "description": "body",
                        "name": "body",
                        "in": "body",
                        "required": true,
                        "schema": {
                            "$ref": "#/definitions/user.User"
                        }
                    }
                ],
                "responses": {
                    "200": {
                        "description": "OK",
                        "schema": {
                            "$ref": "#/definitions/user.Mess"
                        }
                    }
                }
            }
        },
        "/users": {
            "post": {
                "description": "This API for creating a new user",
                "consumes": [
                    "application/json"
                ],
                "produces": [
                    "application/json"
                ],
                "tags": [
                    "User"
                ],
                "summary": "Create new user",
                "parameters": [
                    {
                        "description": "body",
                        "name": "body",
                        "in": "body",
                        "required": true,
                        "schema": {
                            "$ref": "#/definitions/user.User"
                        }
                    }
                ],
                "responses": {
                    "201": {
                        "description": "Created",
                        "schema": {
                            "$ref": "#/definitions/user.User"
                        }
                    }
                }
            }
        }
    },
    "definitions": {
        "task.Mess": {
            "type": "object",
            "properties": {
                "message": {
                    "type": "string"
                }
            }
        },
        "task.Task": {
            "type": "object",
            "properties": {
                "assigne_id": {
                    "type": "string"
                },
                "created_at": {
                    "type": "string"
                },
                "deadline": {
                    "type": "string"
                },
                "deleted_at": {
                    "type": "string"
                },
                "id": {
                    "type": "string"
                },
                "name": {
                    "type": "string"
                },
                "status": {
                    "type": "string"
                },
                "summary": {
                    "type": "string"
                },
                "updated_at": {
                    "type": "string"
                }
            }
        },
        "user.Adress": {
            "type": "object",
            "properties": {
                "name": {
                    "type": "string"
                }
            }
        },
        "user.Mess": {
            "type": "object",
            "properties": {
                "message": {
                    "type": "string"
                }
            }
        },
        "user.Phone": {
            "type": "object",
            "properties": {
                "name": {
                    "type": "string"
                }
            }
        },
        "user.User": {
            "type": "object",
            "properties": {
                "adress": {
                    "type": "array",
                    "items": {
                        "$ref": "#/definitions/user.Adress"
                    }
                },
                "bio": {
                    "type": "string"
                },
                "created_at": {
                    "type": "string"
                },
                "deleted_at": {
                    "type": "string"
                },
                "email": {
                    "type": "string"
                },
                "first_name": {
                    "type": "string"
                },
                "gender": {
                    "type": "string"
                },
                "id": {
                    "type": "string"
                },
                "last_name": {
                    "type": "string"
                },
                "phone_numbers": {
                    "type": "array",
                    "items": {
                        "$ref": "#/definitions/user.Phone"
                    }
                },
                "profile_photo": {
                    "type": "string"
                },
                "updated_at": {
                    "type": "string"
                },
                "username": {
                    "type": "string"
                }
            }
        }
    }
}